{
  "args": {
    "embedding_dir": "MMLU_Gemma-2-2b-it_train",
    "labels_csv": "mmlu_prompts_gemma_train.csv",
    "label_col": "answer",
    "id_col": "id",
    "parts": "rs",
    "metric": "accuracy",
    "model_type": "mlp",
    "k_folds": 5,
    "restack": "true",
    "n_epochs": 100,
    "batch_size": 128,
    "learning_rate": 0.001,
    "device": "cuda"
  },
  "results": {
    "0": {
      "mean": 0.2724670742464337,
      "min": 0.2613960113960114,
      "max": 0.28113879003558717
    },
    "1": {
      "mean": 0.27531658403544523,
      "min": 0.2670940170940171,
      "max": 0.2827635327635328
    },
    "2": {
      "mean": 0.26705782157739455,
      "min": 0.25409252669039145,
      "max": 0.2777777777777778
    },
    "3": {
      "mean": 0.27588729709726156,
      "min": 0.2706552706552707,
      "max": 0.28917378917378916
    },
    "4": {
      "mean": 0.27146972047327916,
      "min": 0.2613960113960114,
      "max": 0.2825622775800712
    },
    "5": {
      "mean": 0.2773081485537002,
      "min": 0.2621082621082621,
      "max": 0.29679715302491105
    },
    "6": {
      "mean": 0.2830095000557634,
      "min": 0.2670940170940171,
      "max": 0.2984330484330484
    },
    "7": {
      "mean": 0.2767411868479484,
      "min": 0.2720797720797721,
      "max": 0.28062678062678065
    },
    "8": {
      "mean": 0.2784503857813466,
      "min": 0.26851851851851855,
      "max": 0.28846153846153844
    },
    "9": {
      "mean": 0.27246687147043025,
      "min": 0.26353276353276356,
      "max": 0.2825622775800712
    },
    "10": {
      "mean": 0.27944733400249416,
      "min": 0.26282051282051283,
      "max": 0.2898860398860399
    },
    "11": {
      "mean": 0.2771708691993389,
      "min": 0.2604982206405694,
      "max": 0.28774928774928776
    },
    "12": {
      "mean": 0.29212336892052193,
      "min": 0.2863247863247863,
      "max": 0.2962962962962963
    },
    "13": {
      "mean": 0.29938944145349844,
      "min": 0.28612099644128114,
      "max": 0.31054131054131057
    },
    "14": {
      "mean": 0.37658150074520186,
      "min": 0.358974358974359,
      "max": 0.39786476868327403
    },
    "15": {
      "mean": 0.3577894373979783,
      "min": 0.3181494661921708,
      "max": 0.3789173789173789
    },
    "16": {
      "mean": 0.3832810171244335,
      "min": 0.36725978647686836,
      "max": 0.40384615384615385
    },
    "17": {
      "mean": 0.4532115663432389,
      "min": 0.4373219373219373,
      "max": 0.46296296296296297
    },
    "18": {
      "mean": 0.45478074844622884,
      "min": 0.4391459074733096,
      "max": 0.4650997150997151
    },
    "19": {
      "mean": 0.4701622208027902,
      "min": 0.4594017094017094,
      "max": 0.4893162393162393
    },
    "20": {
      "mean": 0.45890845677322545,
      "min": 0.45227920227920226,
      "max": 0.4650997150997151
    },
    "21": {
      "mean": 0.5079068447039977,
      "min": 0.48717948717948717,
      "max": 0.5377492877492878
    },
    "22": {
      "mean": 0.5089021707171173,
      "min": 0.4964387464387464,
      "max": 0.5256410256410257
    },
    "23": {
      "mean": 0.5321173870284192,
      "min": 0.5249287749287749,
      "max": 0.5413105413105413
    },
    "24": {
      "mean": 0.5442252435846742,
      "min": 0.5384615384615384,
      "max": 0.5548433048433048
    },
    "25": {
      "mean": 0.5351090427958756,
      "min": 0.5163817663817664,
      "max": 0.5534188034188035
    }
  }
}