{
  "args": {
    "embedding_dir": "MMLU_Gemma-2-9b-it_train",
    "labels_csv": "mmlu_prompts_gemma_train.csv",
    "label_col": "answer",
    "id_col": "id",
    "parts": "rs",
    "metric": "accuracy",
    "model_type": "mlp",
    "k_folds": 5,
    "restack": "true",
    "n_epochs": 100,
    "batch_size": 128,
    "learning_rate": 0.001,
    "device": "cuda"
  },
  "results": {
    "0": {
      "mean": 0.26933296833652703,
      "min": 0.25427350427350426,
      "max": 0.2825622775800712
    },
    "1": {
      "mean": 0.2760294430757064,
      "min": 0.2720797720797721,
      "max": 0.28347578347578345
    },
    "2": {
      "mean": 0.2750321906905536,
      "min": 0.2613960113960114,
      "max": 0.2863247863247863
    },
    "3": {
      "mean": 0.2664874126795835,
      "min": 0.25836298932384344,
      "max": 0.2827635327635328
    },
    "4": {
      "mean": 0.27090144072350475,
      "min": 0.25427350427350426,
      "max": 0.27849002849002846
    },
    "5": {
      "mean": 0.2689073415052063,
      "min": 0.24857549857549857,
      "max": 0.2898860398860399
    },
    "6": {
      "mean": 0.2704763208321927,
      "min": 0.25622775800711745,
      "max": 0.2913105413105413
    },
    "7": {
      "mean": 0.2721830864535491,
      "min": 0.2606837606837607,
      "max": 0.28205128205128205
    },
    "8": {
      "mean": 0.2777396558891221,
      "min": 0.2670940170940171,
      "max": 0.2955840455840456
    },
    "9": {
      "mean": 0.26662793645000055,
      "min": 0.25284900284900286,
      "max": 0.2777777777777778
    },
    "10": {
      "mean": 0.27275329257535663,
      "min": 0.2621082621082621,
      "max": 0.2827635327635328
    },
    "11": {
      "mean": 0.2841476817633401,
      "min": 0.25925925925925924,
      "max": 0.29914529914529914
    },
    "12": {
      "mean": 0.269905404994373,
      "min": 0.2571225071225071,
      "max": 0.28561253561253563
    },
    "13": {
      "mean": 0.2767404771319362,
      "min": 0.2613960113960114,
      "max": 0.28561253561253563
    },
    "14": {
      "mean": 0.2748875100120652,
      "min": 0.24643874643874644,
      "max": 0.2896797153024911
    },
    "15": {
      "mean": 0.27104196449392176,
      "min": 0.25854700854700857,
      "max": 0.28540925266903916
    },
    "16": {
      "mean": 0.27816507994443934,
      "min": 0.2621082621082621,
      "max": 0.2863247863247863
    },
    "17": {
      "mean": 0.27859283592379674,
      "min": 0.26495726495726496,
      "max": 0.2898860398860399
    },
    "18": {
      "mean": 0.2867132037594671,
      "min": 0.2733096085409253,
      "max": 0.29914529914529914
    },
    "19": {
      "mean": 0.3015240644422139,
      "min": 0.28205128205128205,
      "max": 0.32336182336182334
    },
    "20": {
      "mean": 0.29867536575721626,
      "min": 0.28347578347578345,
      "max": 0.31695156695156695
    },
    "21": {
      "mean": 0.29967099593434116,
      "min": 0.2571225071225071,
      "max": 0.3262108262108262
    },
    "22": {
      "mean": 0.3132019344830733,
      "min": 0.301994301994302,
      "max": 0.32407407407407407
    },
    "23": {
      "mean": 0.3217499569100993,
      "min": 0.30128205128205127,
      "max": 0.33760683760683763
    },
    "24": {
      "mean": 0.34226003994687265,
      "min": 0.31339031339031337,
      "max": 0.36324786324786323
    },
    "25": {
      "mean": 0.2998107086007442,
      "min": 0.27564102564102566,
      "max": 0.3288256227758007
    },
    "26": {
      "mean": 0.3224624103983535,
      "min": 0.3126780626780627,
      "max": 0.33760683760683763
    },
    "27": {
      "mean": 0.3050849124514605,
      "min": 0.28561253561253563,
      "max": 0.3148148148148148
    },
    "28": {
      "mean": 0.3046568523080978,
      "min": 0.28846153846153844,
      "max": 0.33048433048433046
    },
    "29": {
      "mean": 0.306367267897517,
      "min": 0.30177935943060497,
      "max": 0.31054131054131057
    },
    "30": {
      "mean": 0.3085063519583092,
      "min": 0.28540925266903916,
      "max": 0.3212250712250712
    },
    "31": {
      "mean": 0.30593849803814216,
      "min": 0.28917378917378916,
      "max": 0.32763532763532766
    },
    "32": {
      "mean": 0.29895702162606075,
      "min": 0.2827635327635328,
      "max": 0.3217081850533808
    },
    "33": {
      "mean": 0.30508379718344136,
      "min": 0.28774928774928776,
      "max": 0.32549857549857547
    },
    "34": {
      "mean": 0.31348896391601017,
      "min": 0.30484330484330485,
      "max": 0.3247863247863248
    },
    "35": {
      "mean": 0.3075046385010798,
      "min": 0.292022792022792,
      "max": 0.31743772241992885
    },
    "36": {
      "mean": 0.31178300939866777,
      "min": 0.28327402135231317,
      "max": 0.32834757834757833
    },
    "37": {
      "mean": 0.3117757094625422,
      "min": 0.2913105413105413,
      "max": 0.33451957295373663
    },
    "38": {
      "mean": 0.5608885644472833,
      "min": 0.5527065527065527,
      "max": 0.5662393162393162
    },
    "39": {
      "mean": 0.6548925794121523,
      "min": 0.6467236467236467,
      "max": 0.6709401709401709
    },
    "40": {
      "mean": 0.6883638004278574,
      "min": 0.6823361823361823,
      "max": 0.7022792022792023
    },
    "41": {
      "mean": 0.6951996836694345,
      "min": 0.6801994301994302,
      "max": 0.7101139601139601
    }
  }
}