{
  "args": {
    "embedding_dir": "MMLU_Llama-3.1-8B_train",
    "labels_csv": "mmlu_prompts_llama_train.csv",
    "label_col": "answer",
    "id_col": "id",
    "parts": "rs",
    "metric": "accuracy",
    "model_type": "mlp",
    "k_folds": 5,
    "restack": "true",
    "n_epochs": 100,
    "batch_size": 128,
    "learning_rate": 0.001,
    "device": "cuda"
  },
  "results": {
    "0": {
      "mean": 0.27033113321369545,
      "min": 0.25997150997151,
      "max": 0.2754448398576512
    },
    "1": {
      "mean": 0.27802171730997355,
      "min": 0.2720797720797721,
      "max": 0.2875444839857651
    },
    "2": {
      "mean": 0.27602761809167503,
      "min": 0.26282051282051283,
      "max": 0.28917378917378916
    },
    "3": {
      "mean": 0.2770246677008243,
      "min": 0.26851851851851855,
      "max": 0.2868327402135231
    },
    "4": {
      "mean": 0.27987478581784636,
      "min": 0.2613960113960114,
      "max": 0.3005698005698006
    },
    "5": {
      "mean": 0.2723246241039835,
      "min": 0.26353276353276356,
      "max": 0.28113879003558717
    },
    "6": {
      "mean": 0.28628260891606083,
      "min": 0.28062678062678065,
      "max": 0.296085409252669
    },
    "7": {
      "mean": 0.28457361275866616,
      "min": 0.26282051282051283,
      "max": 0.29772079772079774
    },
    "8": {
      "mean": 0.29554217233932534,
      "min": 0.27849002849002846,
      "max": 0.3148148148148148
    },
    "9": {
      "mean": 0.27973395788342403,
      "min": 0.26761565836298934,
      "max": 0.2849002849002849
    },
    "10": {
      "mean": 0.2842888138617676,
      "min": 0.26994301994301995,
      "max": 0.29252669039145907
    },
    "11": {
      "mean": 0.26933611136458113,
      "min": 0.25925925925925924,
      "max": 0.2863247863247863
    },
    "12": {
      "mean": 0.27489075442812094,
      "min": 0.26495726495726496,
      "max": 0.2863247863247863
    },
    "13": {
      "mean": 0.3547932191704434,
      "min": 0.3482905982905983,
      "max": 0.3603988603988604
    },
    "14": {
      "mean": 0.4636105281301012,
      "min": 0.4408831908831909,
      "max": 0.48575498575498577
    },
    "15": {
      "mean": 0.4744331903762509,
      "min": 0.44871794871794873,
      "max": 0.4928774928774929
    },
    "16": {
      "mean": 0.47799809390556725,
      "min": 0.4533807829181495,
      "max": 0.49572649572649574
    },
    "17": {
      "mean": 0.5368202694893087,
      "min": 0.5217081850533808,
      "max": 0.551994301994302
    },
    "18": {
      "mean": 0.5378172177104561,
      "min": 0.5231316725978647,
      "max": 0.5534188034188035
    },
    "19": {
      "mean": 0.5308389857144306,
      "min": 0.5103202846975089,
      "max": 0.5498575498575499
    },
    "20": {
      "mean": 0.5278483438269915,
      "min": 0.504626334519573,
      "max": 0.5405982905982906
    },
    "21": {
      "mean": 0.5272797599132119,
      "min": 0.49608540925266903,
      "max": 0.5591168091168092
    },
    "22": {
      "mean": 0.5319770660340055,
      "min": 0.5170940170940171,
      "max": 0.5562678062678063
    },
    "23": {
      "mean": 0.5359672922306374,
      "min": 0.5096085409252669,
      "max": 0.5491452991452992
    },
    "24": {
      "mean": 0.5304122436150907,
      "min": 0.5060498220640569,
      "max": 0.542022792022792
    },
    "25": {
      "mean": 0.5342570794172218,
      "min": 0.5153024911032028,
      "max": 0.551994301994302
    },
    "26": {
      "mean": 0.5258546501607,
      "min": 0.500355871886121,
      "max": 0.5455840455840456
    },
    "27": {
      "mean": 0.5259980127951658,
      "min": 0.49395017793594304,
      "max": 0.5398860398860399
    },
    "28": {
      "mean": 0.5181627480203993,
      "min": 0.49750889679715304,
      "max": 0.5299145299145299
    },
    "29": {
      "mean": 0.5252845454268942,
      "min": 0.502491103202847,
      "max": 0.5356125356125356
    },
    "30": {
      "mean": 0.5190172460990967,
      "min": 0.498932384341637,
      "max": 0.5306267806267806
    },
    "31": {
      "mean": 0.5220088004785514,
      "min": 0.498220640569395,
      "max": 0.5405982905982906
    }
  }
}