{
  "args": {
    "embedding_dir": "MMLU_Llama-3.3-70B-Instruct_train",
    "labels_csv": "mmlu_prompts_llama_train.csv",
    "label_col": "answer",
    "id_col": "id",
    "parts": "rs",
    "metric": "accuracy",
    "model_type": "mlp",
    "k_folds": 5,
    "restack": "true",
    "n_epochs": 100,
    "batch_size": 128,
    "learning_rate": 0.001,
    "device": "cuda"
  },
  "results": {
    "0": {
      "mean": 0.27674118684794846,
      "min": 0.2706552706552707,
      "max": 0.2827635327635328
    },
    "1": {
      "mean": 0.2724666686944267,
      "min": 0.2670940170940171,
      "max": 0.28398576512455515
    },
    "2": {
      "mean": 0.27303697620423606,
      "min": 0.25854700854700857,
      "max": 0.2804270462633452
    },
    "3": {
      "mean": 0.27887763482069533,
      "min": 0.26282051282051283,
      "max": 0.2955840455840456
    },
    "4": {
      "mean": 0.28158286948322536,
      "min": 0.27492877492877493,
      "max": 0.28825622775800713
    },
    "5": {
      "mean": 0.27645659072705336,
      "min": 0.2742165242165242,
      "max": 0.2799145299145299
    },
    "6": {
      "mean": 0.27844967606533444,
      "min": 0.27136752136752135,
      "max": 0.2841880341880342
    },
    "7": {
      "mean": 0.2845743224746783,
      "min": 0.27492877492877493,
      "max": 0.2913105413105413
    },
    "8": {
      "mean": 0.2837195202319758,
      "min": 0.2727920227920228,
      "max": 0.2962962962962963
    },
    "9": {
      "mean": 0.2807288783445367,
      "min": 0.2678062678062678,
      "max": 0.29914529914529914
    },
    "10": {
      "mean": 0.28927467023552433,
      "min": 0.26994301994301995,
      "max": 0.3005698005698006
    },
    "11": {
      "mean": 0.2812975636463181,
      "min": 0.2656695156695157,
      "max": 0.2913105413105413
    },
    "12": {
      "mean": 0.2885628250752806,
      "min": 0.27136752136752135,
      "max": 0.306980056980057
    },
    "13": {
      "mean": 0.28599811418316756,
      "min": 0.2727920227920228,
      "max": 0.29323843416370104
    },
    "14": {
      "mean": 0.29184069917166006,
      "min": 0.2782918149466192,
      "max": 0.3190883190883191
    },
    "15": {
      "mean": 0.29141142237227646,
      "min": 0.2727920227920228,
      "max": 0.31552706552706555
    },
    "16": {
      "mean": 0.2941161500947978,
      "min": 0.2849002849002849,
      "max": 0.30462633451957294
    },
    "17": {
      "mean": 0.340975352576776,
      "min": 0.32905982905982906,
      "max": 0.3530249110320285
    },
    "18": {
      "mean": 0.34952479443582646,
      "min": 0.33594306049822065,
      "max": 0.3596866096866097
    },
    "19": {
      "mean": 0.3505181940769129,
      "min": 0.3247863247863248,
      "max": 0.3622775800711744
    },
    "20": {
      "mean": 0.3623399336922469,
      "min": 0.3504273504273504,
      "max": 0.37464387464387466
    },
    "21": {
      "mean": 0.3985193296225325,
      "min": 0.3924501424501424,
      "max": 0.40883190883190884
    },
    "22": {
      "mean": 0.3904024089789214,
      "min": 0.37508896797153024,
      "max": 0.4166666666666667
    },
    "23": {
      "mean": 0.409342904360698,
      "min": 0.3896011396011396,
      "max": 0.42948717948717946
    },
    "24": {
      "mean": 0.39994018107897117,
      "min": 0.35683760683760685,
      "max": 0.4494301994301994
    },
    "25": {
      "mean": 0.4133314069613002,
      "min": 0.3853276353276353,
      "max": 0.43874643874643876
    },
    "26": {
      "mean": 0.43839725846843286,
      "min": 0.4202279202279202,
      "max": 0.4515669515669516
    },
    "27": {
      "mean": 0.4533482373695897,
      "min": 0.4323361823361823,
      "max": 0.49537366548042705
    },
    "28": {
      "mean": 0.48226500795895816,
      "min": 0.4601139601139601,
      "max": 0.499644128113879
    },
    "29": {
      "mean": 0.5506366152629498,
      "min": 0.5277777777777778,
      "max": 0.5712250712250713
    },
    "30": {
      "mean": 0.572428546805771,
      "min": 0.5516014234875445,
      "max": 0.5911680911680912
    },
    "31": {
      "mean": 0.7353637294562562,
      "min": 0.7243589743589743,
      "max": 0.7466192170818505
    },
    "32": {
      "mean": 0.7372166965761272,
      "min": 0.7243589743589743,
      "max": 0.7421652421652422
    },
    "33": {
      "mean": 0.7473300483620768,
      "min": 0.7430604982206406,
      "max": 0.7542735042735043
    },
    "34": {
      "mean": 0.7568737009662276,
      "min": 0.7443019943019943,
      "max": 0.7692307692307693
    },
    "35": {
      "mean": 0.785784591051495,
      "min": 0.7749287749287749,
      "max": 0.7921708185053381
    },
    "36": {
      "mean": 0.7847897719783841,
      "min": 0.7720797720797721,
      "max": 0.7962962962962963
    },
    "37": {
      "mean": 0.7863548985613044,
      "min": 0.7749287749287749,
      "max": 0.792022792022792
    },
    "38": {
      "mean": 0.7882055337571352,
      "min": 0.7841880341880342,
      "max": 0.797153024911032
    },
    "39": {
      "mean": 0.7853579503401567,
      "min": 0.7713675213675214,
      "max": 0.7927350427350427
    },
    "40": {
      "mean": 0.7880637933306972,
      "min": 0.7756410256410257,
      "max": 0.7941595441595442
    },
    "41": {
      "mean": 0.790199937139439,
      "min": 0.7813390313390314,
      "max": 0.801994301994302
    },
    "42": {
      "mean": 0.7927657632995712,
      "min": 0.7806267806267806,
      "max": 0.8027065527065527
    },
    "43": {
      "mean": 0.7826514990216057,
      "min": 0.7735042735042735,
      "max": 0.792022792022792
    },
    "44": {
      "mean": 0.7886333911244943,
      "min": 0.7777777777777778,
      "max": 0.7935943060498221
    },
    "45": {
      "mean": 0.7883494033316096,
      "min": 0.7784900284900285,
      "max": 0.801994301994302
    },
    "46": {
      "mean": 0.7893467571047641,
      "min": 0.7841880341880342,
      "max": 0.7948717948717948
    },
    "47": {
      "mean": 0.7839333475276536,
      "min": 0.7770655270655271,
      "max": 0.7898860398860399
    },
    "48": {
      "mean": 0.7924804574626638,
      "min": 0.7841880341880342,
      "max": 0.7984330484330484
    },
    "49": {
      "mean": 0.7866402043982115,
      "min": 0.7713675213675214,
      "max": 0.7934472934472935
    },
    "50": {
      "mean": 0.7896308462856505,
      "min": 0.7742165242165242,
      "max": 0.7977207977207977
    },
    "51": {
      "mean": 0.7813702588435685,
      "min": 0.76994301994302,
      "max": 0.7898860398860399
    },
    "52": {
      "mean": 0.7855019213026331,
      "min": 0.7765124555160142,
      "max": 0.7948717948717948
    },
    "53": {
      "mean": 0.786211738702842,
      "min": 0.7806267806267806,
      "max": 0.7935943060498221
    },
    "54": {
      "mean": 0.7853595725481847,
      "min": 0.7735042735042735,
      "max": 0.8012820512820513
    },
    "55": {
      "mean": 0.7903437053259117,
      "min": 0.7763532763532763,
      "max": 0.8012820512820513
    },
    "56": {
      "mean": 0.7872086869239894,
      "min": 0.7784900284900285,
      "max": 0.795017793594306
    },
    "57": {
      "mean": 0.7827932394480437,
      "min": 0.7735042735042735,
      "max": 0.7914590747330961
    },
    "58": {
      "mean": 0.7884913465340512,
      "min": 0.7742165242165242,
      "max": 0.7941595441595442
    },
    "59": {
      "mean": 0.7859275481339538,
      "min": 0.7713675213675214,
      "max": 0.7998575498575499
    },
    "60": {
      "mean": 0.7832221106954202,
      "min": 0.7756410256410257,
      "max": 0.7884615384615384
    },
    "61": {
      "mean": 0.7856438645050744,
      "min": 0.7784900284900285,
      "max": 0.792022792022792
    },
    "62": {
      "mean": 0.7889196094534172,
      "min": 0.7799145299145299,
      "max": 0.801994301994302
    },
    "63": {
      "mean": 0.7857856049315124,
      "min": 0.7706552706552706,
      "max": 0.792022792022792
    },
    "64": {
      "mean": 0.7886345063925135,