{
  "args": {
    "embedding_dir": "MMLU_Llama-3.1-8B-Instruct_train",
    "labels_csv": "mmlu_prompts_llama_train.csv",
    "label_col": "answer",
    "id_col": "id",
    "parts": "rs",
    "metric": "accuracy",
    "model_type": "mlp",
    "k_folds": 5,
    "restack": "false",
    "n_epochs": 100,
    "batch_size": 128,
    "learning_rate": 0.001,
    "device": "cuda"
  },
  "results": {
    "0": {
      "mean": 0.2718974764526366,
      "min": 0.254985754985755,
      "max": 0.2813390313390313
    },
    "1": {
      "mean": 0.2830059514757024,
      "min": 0.27564102564102566,
      "max": 0.298220640569395
    },
    "2": {
      "mean": 0.274745059869615,
      "min": 0.25854700854700857,
      "max": 0.2896797153024911
    },
    "3": {
      "mean": 0.277450700084152,
      "min": 0.26282051282051283,
      "max": 0.296085409252669
    },
    "4": {
      "mean": 0.2811571412639028,
      "min": 0.26994301994301995,
      "max": 0.2962962962962963
    },
    "5": {
      "mean": 0.2750297573785118,
      "min": 0.25997150997151,
      "max": 0.2911032028469751
    },
    "6": {
      "mean": 0.2822934979874482,
      "min": 0.2670940170940171,
      "max": 0.299644128113879
    },
    "7": {
      "mean": 0.2807301963885594,
      "min": 0.2656695156695157,
      "max": 0.3005698005698006
    },
    "8": {
      "mean": 0.2877085297725867,
      "min": 0.2706552706552707,
      "max": 0.3084045584045584
    },
    "9": {
      "mean": 0.2818697975281605,
      "min": 0.26994301994301995,
      "max": 0.29914529914529914
    },
    "10": {
      "mean": 0.2872808751812311,
      "min": 0.27564102564102566,
      "max": 0.2962962962962963
    },
    "11": {
      "mean": 0.3069389948393507,
      "min": 0.28825622775800713,
      "max": 0.32549857549857547
    },
    "12": {
      "mean": 0.3737407103243402,
      "min": 0.3402135231316726,
      "max": 0.40954415954415957
    },
    "13": {
      "mean": 0.4730077764597338,
      "min": 0.41951566951566954,
      "max": 0.50997150997151
    },
    "14": {
      "mean": 0.5550499335908589,
      "min": 0.5455840455840456,
      "max": 0.5683760683760684
    },
    "15": {
      "mean": 0.5536245196743418,
      "min": 0.5448717948717948,
      "max": 0.5662393162393162
    },
    "16": {
      "mean": 0.5678674047713193,
      "min": 0.5455840455840456,
      "max": 0.5769230769230769
    },
    "17": {
      "mean": 0.624840871531263,
      "min": 0.6170818505338078,
      "max": 0.6367521367521367
    },
    "18": {
      "mean": 0.6308221553061412,
      "min": 0.6175213675213675,
      "max": 0.6396011396011396
    },
    "19": {
      "mean": 0.6318190021392869,
      "min": 0.6189458689458689,
      "max": 0.6481481481481481
    },
    "20": {
      "mean": 0.6266921150551044,
      "min": 0.6196581196581197,
      "max": 0.6388888888888888
    },
    "21": {
      "mean": 0.6241281138790036,
      "min": 0.6168091168091168,
      "max": 0.6339031339031339
    },
    "22": {
      "mean": 0.6295382790400584,
      "min": 0.6153846153846154,
      "max": 0.6412811387900356
    },
    "23": {
      "mean": 0.6328156461964292,
      "min": 0.6239316239316239,
      "max": 0.6374643874643875
    },
    "24": {
      "mean": 0.6360922022487859,
      "min": 0.6317663817663818,
      "max": 0.6467236467236467
    },
    "25": {
      "mean": 0.6342381198608956,
      "min": 0.6239316239316239,
      "max": 0.6483985765124555
    },
    "26": {
      "mean": 0.6286866198254099,
      "min": 0.6199288256227758,
      "max": 0.6381766381766382
    },
    "27": {
      "mean": 0.6333852439902262,
      "min": 0.6253561253561254,
      "max": 0.6417378917378918
    },
    "28": {
      "mean": 0.6321039024241871,
      "min": 0.6225071225071225,
      "max": 0.6424501424501424
    },
    "29": {
      "mean": 0.6265484482566334,
      "min": 0.6182336182336182,
      "max": 0.6339031339031339
    },
    "30": {
      "mean": 0.6325311514635358,
      "min": 0.6217948717948718,
      "max": 0.646011396011396
    },
    "31": {
      "mean": 0.6303957173708062,
      "min": 0.6220640569395017,
      "max": 0.6367521367521367
    }
  }
}