method,ece_mean,ece_std,ece_ci_lower,ece_ci_upper,p_value_vs_original
original,0.12615545822673074,0.005227149787207792,0.11615166442413366,0.13649448848925275,
isotonic,0.04074710253846465,0.005345024521835182,0.030736318666546487,0.05134619150385398,0.0
temperature,0.04987627740033722,0.004642512237085792,0.04163992110531339,0.05929798213283077,0.0
