method,ece_mean,ece_std,ece_ci_lower,ece_ci_upper,brier_mean,brier_std,brier_ci_lower,brier_ci_upper,accuracy_mean,accuracy_std,accuracy_ci_lower,accuracy_ci_upper,p_value_ece_vs_original,p_value_brier_vs_original,p_value_accuracy_vs_original
original,0.19777297856602935,0.00515578043226068,0.18764511983976753,0.20819627349170544,0.19874263105008844,0.005039252564958615,0.18898350237733103,0.20882621119890182,0.7885553093843963,0.005296270094245018,0.7776507358759298,0.7987023263174553,,,
isotonic,0.009187485736736747,0.003303172405290869,0.004165159365448171,0.016923279913911557,0.15879531595583699,0.0030510116199295415,0.1529671138311532,0.1650338648550986,0.7885553093843963,0.005296270094245018,0.7776507358759298,0.7987023263174553,0.0,0.0,
temperature,0.01055160392949826,0.0032212944286269256,0.0053619613514013075,0.017898348402299685,0.15907612190244463,0.0030536065063893033,0.153194318463011,0.16538710714981367,0.7885553093843963,0.005296270094245018,0.7776507358759298,0.7987023263174553,0.0,0.0,
