method,ece_mean,ece_std,ece_ci_lower,ece_ci_upper,brier_mean,brier_std,brier_ci_lower,brier_ci_upper,accuracy_mean,accuracy_std,accuracy_ci_lower,accuracy_ci_upper,p_value_ece_vs_original,p_value_brier_vs_original,p_value_accuracy_vs_original
original,0.24349501504102072,0.005379213403639961,0.23325670653373182,0.2537104593782648,0.24451769510365634,0.005323750487608084,0.23420761549364552,0.2544524828557633,0.7168528248140529,0.005688239642052196,0.7061204304478557,0.7276467795537268,,,
isotonic,0.014128061719589313,0.0043966703468407,0.006893976334791047,0.023356462223185687,0.1800212467939768,0.002792834833487543,0.17450402391713102,0.18526077699321938,0.7168528248140529,0.005688239642052196,0.7061204304478557,0.7276467795537268,0.0,0.0,
temperature,0.017613110579159992,0.0034724844032504782,0.011860179526147482,0.024734495749157953,0.1812618041277377,0.0027389728485638404,0.1759060936752719,0.18631907471199233,0.7168528248140529,0.005688239642052196,0.7061204304478557,0.7276467795537268,0.0,0.0,
