method,ece_mean,ece_std,ece_ci_lower,ece_ci_upper,p_value_vs_original
original,0.20106903775512106,0.005892274726624985,0.18926908055188968,0.2123274655499945,
isotonic,0.028163189668273005,0.005239402711272039,0.018179922218379035,0.038306884669394595,0.0
temperature,0.05148944267621606,0.005726801888726355,0.04057588536183674,0.062412408253323434,0.0
