method,ece_mean,ece_std,ece_ci_lower,ece_ci_upper,p_value_vs_original
original,0.19413748983361956,0.00529763587043019,0.18404077966881735,0.2047981125588198,
isotonic,0.04189799458963581,0.00467410078160379,0.0328873101782236,0.05122352036943364,0.0
temperature,0.10181517162485142,0.00529791252078384,0.09138583741302236,0.11238122307700976,0.0
