method,ece_mean,ece_std,ece_ci_lower,ece_ci_upper,p_value_vs_original
original,0.052612183353522295,0.004723795361066363,0.042764496575865805,0.06149408592011888,
isotonic,0.041861102857110345,0.0047880479519890155,0.03243721610623392,0.051331038526541924,5.267031907446408e-251
temperature,0.051509914456916946,0.004719362679435642,0.04191567690056052,0.060118436056236006,1.7870696036660495e-113
