method,ece_mean,ece_std,ece_ci_lower,ece_ci_upper,p_value_vs_original
original,0.30988357566953006,0.005836743741893955,0.29857346063772605,0.3206706639330408,
isotonic,0.043675330487947826,0.005085278506305749,0.034356006928907085,0.05408035063625825,0.0
temperature,0.14603300291487353,0.005649138971046523,0.13505467547143263,0.15718053189872094,0.0
