method,ece_mean,ece_std,ece_ci_lower,ece_ci_upper,brier_mean,brier_std,brier_ci_lower,brier_ci_upper,accuracy_mean,accuracy_std,accuracy_ci_lower,accuracy_ci_upper,p_value_ece_vs_original,p_value_brier_vs_original,p_value_accuracy_vs_original
original,0.19411177603498517,0.005263045138490815,0.1841850754081788,0.20444560558710692,0.21576428740477513,0.004300265734968106,0.20763640123429047,0.22431284633824108,0.6993623991137838,0.005792426590781837,0.6885583161892704,0.710401171071372,,,
isotonic,0.041992878450817,0.004648564814615928,0.03289174649760124,0.05110897161490571,0.16742907850199315,0.002626642128525437,0.16250786881400514,0.1727589821461661,0.6993623991137838,0.005792426590781837,0.6885583161892704,0.710401171071372,0.0,0.0,
temperature,0.10164920784629686,0.005286495246271978,0.09102347754729048,0.11161216466102337,0.1770169554919083,0.002582520411881153,0.17203359767533674,0.18206793045465933,0.6993623991137838,0.005792426590781837,0.6885583161892704,0.710401171071372,0.0,0.0,
