method,ece_mean,ece_std,ece_ci_lower,ece_ci_upper,brier_mean,brier_std,brier_ci_lower,brier_ci_upper,accuracy_mean,accuracy_std,accuracy_ci_lower,accuracy_ci_upper,p_value_ece_vs_original,p_value_brier_vs_original,p_value_accuracy_vs_original
original,0.30966090842715877,0.0059272623367469385,0.29835668288750994,0.3214019685855212,0.31546945724124664,0.004630262092697616,0.30653980968247857,0.32447218988219456,0.5479648678588385,0.006289030103838161,0.5356820699477766,0.5602191802500396,,,
isotonic,0.04382923893743919,0.0049642903257364574,0.03447500850920422,0.053676807547097534,0.20279173058477004,0.002552700830285081,0.19789872612657441,0.20768029430093427,0.5479648678588385,0.006289030103838161,0.5356820699477766,0.5602191802500396,0.0,0.0,
temperature,0.14596742690359715,0.0055540616264741945,0.13482067599601683,0.15655688114244976,0.2249070008137079,0.0019159188145005102,0.2211232851992159,0.22845588353246812,0.5479648678588385,0.006289030103838161,0.5356820699477766,0.5602191802500396,0.0,0.0,
