method,ece_mean,ece_std,ece_ci_lower,ece_ci_upper,p_value_vs_original
original,0.19777297856602935,0.00515578043226068,0.18764511983976753,0.20819627349170544,
isotonic,0.009187485736736747,0.003303172405290869,0.004165159365448171,0.016923279913911557,0.0
temperature,0.01055160392949826,0.0032212944286269256,0.0053619613514013075,0.017898348402299685,0.0
