method,ece_mean,ece_std,ece_ci_lower,ece_ci_upper,brier_mean,brier_std,brier_ci_lower,brier_ci_upper,accuracy_mean,accuracy_std,accuracy_ci_lower,accuracy_ci_upper,p_value_ece_vs_original,p_value_brier_vs_original,p_value_accuracy_vs_original
original,0.12599179470476757,0.005207903988284488,0.11575063580868428,0.13654645421091527,0.1974936046776543,0.003236856374957659,0.19094943471824335,0.20356940198235135,0.6097111884791898,0.006078880039720801,0.597558949200823,0.6214590916284222,,,
isotonic,0.040274348499354955,0.005323373952352445,0.029503059232881552,0.05090630287610325,0.18225287360304174,0.002647402322150024,0.17678132236460103,0.18739755293533553,0.6097111884791898,0.006078880039720801,0.597558949200823,0.6214590916284222,0.0,0.0,
temperature,0.049831235055026,0.004632232743818367,0.04151403296766573,0.05974832290329873,0.18487941547817013,0.0022291633359347385,0.18035556666254457,0.18909866527815955,0.6097111884791898,0.006078880039720801,0.597558949200823,0.6214590916284222,0.0,0.0,
