method,ece_mean,ece_std,ece_ci_lower,ece_ci_upper,brier_mean,brier_std,brier_ci_lower,brier_ci_upper,accuracy_mean,accuracy_std,accuracy_ci_lower,accuracy_ci_upper,p_value_ece_vs_original,p_value_brier_vs_original,p_value_accuracy_vs_original
original,0.05258402628477067,0.004709114544545578,0.04360836296431051,0.06192098146942004,0.14448020495239822,0.0021779908465855953,0.14020741669781658,0.1487799571806469,0.4072009811679063,0.005991012906302578,0.39578651685393257,0.41842459249881314,,,
isotonic,0.041903148363792116,0.0048583064878375,0.0321900657780969,0.05194603577891813,0.14337479121270344,0.00205101365239726,0.13930082595110485,0.14735024153391577,0.4072009811679063,0.005991012906302578,0.39578651685393257,0.41842459249881314,4.503625044680532e-247,1.1219210197523493e-151,
temperature,0.05139632213645087,0.004695394850244758,0.041796576587661914,0.060207744636636654,0.14516491093722242,0.0018965555106724803,0.14129647180636906,0.1487726273700439,0.4072009811679063,0.005991012906302578,0.39578651685393257,0.41842459249881314,2.569700407069799e-131,3.37860567e-316,
