{
  "experiment": "training_size_impact",
  "timestamp": "2025-08-13T13:42:35.152571",
  "args": {
    "layer": 17,
    "train_dir": "MMLU_Llama-3.1-8B_train",
    "test_dir": "MMLU_Llama-3.1-8B_test",
    "train_response_df": "mmlu_prompts_llama_train.csv",
    "test_response_df": "mmlu_prompts_llama_test.csv",
    "batch_size": 128,
    "n_epochs": 100,
    "learning_rate": 0.001,
    "n_runs": 5,
    "random_seed": 42,
    "ece_bins": 10,
    "output": "train_plot/train_size_Llama-3.1-8B.json",
    "stack": false,
    "train_sizes": [
      10,
      25,
      50,
      75,
      100,
      150,
      200,
      300,
      400,
      500,
      750,
      1000,
      1500,
      2000,
      3000,
      4000,
      5000
    ]
  },
  "dataset_info": {
    "full_train_size": 7021,
    "test_size": 7021,
    "n_features": 4096,
    "n_classes": 4
  },
  "results": {
    "25": {
      "accuracy": {
        "mean": 0.409485828229597,
        "min": 0.3664720125338271,
        "max": 0.4807007548782225,
        "std": 0.04260219530064717
      },
      "brier": {
        "mean": 0.22039069618953944,
        "min": 0.21325172572308176,
        "max": 0.22743697878083002,
        "std": 0.005065303400445034
      },
      "ece": {
        "mean": 0.07107864271251416,
        "min": 0.0458654172568898,
        "max": 0.09274092426141803,
        "std": 0.014961118409431094
      },
      "n_runs_completed": 5
    },
    "50": {
      "accuracy": {
        "mean": 0.48457484688790764,
        "min": 0.47201253382709013,
        "max": 0.4997863552200541,
        "std": 0.012042324070527162
      },
      "brier": {
        "mean": 0.22497862540892766,
        "min": 0.22300835853711018,
        "max": 0.2300085967827075,
        "std": 0.002613276278249108
      },
      "ece": {
        "mean": 0.07404446373755327,
        "min": 0.04074586132214189,
        "max": 0.11443255175520019,
        "std": 0.02758779408141379
      },
      "n_runs_completed": 5
    },
    "75": {
      "accuracy": {
        "mean": 0.47702606466315334,
        "min": 0.447514599059963,
        "max": 0.5051986896453496,
        "std": 0.022663342300697078
      },
      "brier": {
        "mean": 0.21679932412142483,
        "min": 0.2096427936853101,
        "max": 0.2306918360415972,
        "std": 0.007794057666778654
      },
      "ece": {
        "mean": 0.051946487916261275,
        "min": 0.015729396435936325,
        "max": 0.07977629323797575,
        "std": 0.0210780708436553
      },
      "n_runs_completed": 5
    },
    "100": {
      "accuracy": {
        "mean": 0.49460190856003416,
        "min": 0.4406779661016949,
        "max": 0.5192992451217775,
        "std": 0.02764777345833852
      },
      "brier": {
        "mean": 0.22093261651168433,
        "min": 0.21056652471366194,
        "max": 0.2283506772643652,
        "std": 0.008250212446032459
      },
      "ece": {
        "mean": 0.08972110254373022,
        "min": 0.037549478276606874,
        "max": 0.15065065048780388,
        "std": 0.04265660686373181
      },
      "n_runs_completed": 5
    },
    "150": {
      "accuracy": {
        "mean": 0.5075630252100841,
        "min": 0.4933770118216778,
        "max": 0.5137444808431847,
        "std": 0.007279043442784529
      },
      "brier": {
        "mean": 0.22021768626654326,
        "min": 0.20930823497233192,
        "max": 0.22624502487525094,
        "std": 0.006048859810346645
      },
      "ece": {
        "mean": 0.08748234403369401,
        "min": 0.05097817716699026,
        "max": 0.12622577501249999,
        "std": 0.03000507635651087
      },
      "n_runs_completed": 5
    },
    "200": {
      "accuracy": {
        "mean": 0.5038313630536961,
        "min": 0.482694772824384,
        "max": 0.515596068936049,
        "std": 0.01115021091944744
      },
      "brier": {
        "mean": 0.21787146690261056,
        "min": 0.21049815564952254,
        "max": 0.23743293794763604,
        "std": 0.009872337572768466
      },
      "ece": {
        "mean": 0.07014464779620734,
        "min": 0.035209928401394974,
        "max": 0.11740393992027925,
        "std": 0.026685687235515794
      },
      "n_runs_completed": 5
    },
    "300": {
      "accuracy": {
        "mean": 0.51243412619285,
        "min": 0.5056259792052414,
        "max": 0.5191568152684802,
        "std": 0.005754871128297561
      },
      "brier": {
        "mean": 0.20635147743785734,
        "min": 0.20114868537121813,
        "max": 0.20922084886411826,
        "std": 0.0027420307330319905
      },
      "ece": {
        "mean": 0.03787207689453031,
        "min": 0.018133430229838186,
        "max": 0.05803060326170775,
        "std": 0.014683973834440249
      },
      "n_runs_completed": 5
    },
    "400": {
      "accuracy": {
        "mean": 0.5185870958552912,
        "min": 0.5094715852442672,
        "max": 0.5268480273465318,
        "std": 0.006191358717856562
      },
      "brier": {
        "mean": 0.2103722915135311,
        "min": 0.2024070658390304,
        "max": 0.2327449356250681,
        "std": 0.01125792333136524
      },
      "ece": {
        "mean": 0.055303235660844205,
        "min": 0.025251241265802107,
        "max": 0.12016569838838313,
        "std": 0.03326750493352125
      },
      "n_runs_completed": 5
    },
    "500": {
      "accuracy": {
        "mean": 0.5213787209799173,
        "min": 0.5141717704030765,
        "max": 0.5257085885201538,
        "std": 0.0042439316488166665
      },
      "brier": {
        "mean": 0.2065739687463722,
        "min": 0.20200748857525622,
        "max": 0.21773699993464174,
        "std": 0.005862908608708452
      },
      "ece": {
        "mean": 0.04899586839666396,
        "min": 0.04142205903815708,
        "max": 0.06279630166328697,
        "std": 0.00792534029381559
      },
      "n_runs_completed": 5
    },
    "750": {
      "accuracy": {
        "mean": 0.5283008118501638,
        "min": 0.522432701894317,
        "max": 0.5315482125053411,
        "std": 0.0033769995069696276
      },
      "brier": {
        "mean": 0.20508407771357956,
        "min": 0.20056452654431628,
        "max": 0.2144447181086098,
        "std": 0.004849344929997847
      },
      "ece": {
        "mean": 0.0544939152315936,
        "min": 0.03521168497684863,
        "max": 0.08629978518933588,
        "std": 0.01903748540777139
      },
      "n_runs_completed": 5
    },
    "1000": {
      "accuracy": {
        "mean": 0.5295257085885201,
        "min": 0.5251388691069648,
        "max": 0.5332573707449081,
        "std": 0.0030084745551991793
      },
      "brier": {
        "mean": 0.20091909983260442,
        "min": 0.19799347476720283,
        "max": 0.20275818627205952,
        "std": 0.0017399636044986844
      },
      "ece": {
        "mean": 0.043691673286109546,
        "min": 0.03362428287107573,
        "max": 0.055784768833086515,
        "std": 0.008321813483425039
      },
      "n_runs_completed": 5
    },
    "1500": {
      "accuracy": {
        "mean": 0.5338270901580972,
        "min": 0.5268480273465318,
        "max": 0.5388121350235009,
        "std": 0.004269095779936596
      },
      "brier": {
        "mean": 0.19924249867143962,
        "min": 0.19768519986608749,
        "max": 0.20049505178320676,
        "std": 0.0010539602304099646
      },
      "ece": {
        "mean": 0.036479576583805795,
        "min": 0.020910787592584835,
        "max": 0.05470322398289777,
        "std": 0.011922047130374246
      },
      "n_runs_completed": 5
    },
    "2000": {
      "accuracy": {
        "mean": 0.5367041731947018,
        "min": 0.5314057826520439,
        "max": 0.5403788634097707,
        "std": 0.003291824767964631
      },
      "brier": {
        "mean": 0.1979429623494314,
        "min": 0.1956328039397002,
        "max": 0.20003187921709442,
        "std": 0.0019295614313947751
      },
      "ece": {
        "mean": 0.025911351290884704,