{
  "experiment": "training_size_impact",
  "timestamp": "2025-08-13T13:44:07.203137",
  "args": {
    "layer": 38,
    "train_dir": "MMLU_Llama-3.3-70B-Instruct_train",
    "test_dir": "MMLU_Llama-3.3-70B-Instruct_test",
    "train_response_df": "mmlu_prompts_llama_train.csv",
    "test_response_df": "mmlu_prompts_llama_test.csv",
    "batch_size": 128,
    "n_epochs": 100,
    "learning_rate": 0.001,
    "n_runs": 5,
    "random_seed": 42,
    "ece_bins": 10,
    "output": "train_plot/train_size_Llama-3.3-70B-Instruct.json",
    "stack": false,
    "train_sizes": [
      10,
      25,
      50,
      75,
      100,
      150,
      200,
      300,
      400,
      500,
      750,
      1000,
      1500,
      2000,
      3000,
      4000,
      5000
    ]
  },
  "dataset_info": {
    "full_train_size": 7021,
    "test_size": 7021,
    "n_features": 8192,
    "n_classes": 4
  },
  "results": {
    "25": {
      "accuracy": {
        "mean": 0.619427431989745,
        "min": 0.5319755020652329,
        "max": 0.7000427289559892,
        "std": 0.059738551123356534
      },
      "brier": {
        "mean": 0.21893378920665416,
        "min": 0.20410358631535994,
        "max": 0.24793620778941003,
        "std": 0.016428899775899612
      },
      "ece": {
        "mean": 0.12810271834651385,
        "min": 0.08565774151206172,
        "max": 0.20075603951553453,
        "std": 0.04303500382172393
      },
      "n_runs_completed": 5
    },
    "50": {
      "accuracy": {
        "mean": 0.7322888477424868,
        "min": 0.6949152542372882,
        "max": 0.7533114940891611,
        "std": 0.02343576660045006
      },
      "brier": {
        "mean": 0.19015703668099365,
        "min": 0.15327341311522324,
        "max": 0.22659946444456844,
        "std": 0.027745253951614916
      },
      "ece": {
        "mean": 0.11633978371962475,
        "min": 0.02143142859984321,
        "max": 0.20799279431555792,
        "std": 0.07596660238963683
      },
      "n_runs_completed": 5
    },
    "75": {
      "accuracy": {
        "mean": 0.7648483122062385,
        "min": 0.7537387836490529,
        "max": 0.7798034468024498,
        "std": 0.008540567173163037
      },
      "brier": {
        "mean": 0.15953192432662472,
        "min": 0.14848018653228728,
        "max": 0.18509177030461804,
        "std": 0.013030455233318293
      },
      "ece": {
        "mean": 0.07896744076588644,
        "min": 0.04467042454999493,
        "max": 0.1591467408267305,
        "std": 0.041663283373097756
      },
      "n_runs_completed": 5
    },
    "100": {
      "accuracy": {
        "mean": 0.7692351516877938,
        "min": 0.7478991596638656,
        "max": 0.7755305512035323,
        "std": 0.010735621257486712
      },
      "brier": {
        "mean": 0.15780235231090572,
        "min": 0.14483313669943343,
        "max": 0.19151693427824515,
        "std": 0.01756024786387332
      },
      "ece": {
        "mean": 0.09306636156561775,
        "min": 0.052162507162391604,
        "max": 0.17133148623877925,
        "std": 0.04471219249970589
      },
      "n_runs_completed": 5
    },
    "150": {
      "accuracy": {
        "mean": 0.7776954849736505,
        "min": 0.7704030764848312,
        "max": 0.7873522290272041,
        "std": 0.005744992483014714
      },
      "brier": {
        "mean": 0.14361166988197827,
        "min": 0.13811370117373512,
        "max": 0.15026619983506756,
        "std": 0.004172530499517414
      },
      "ece": {
        "mean": 0.039075854397315854,
        "min": 0.023372000378602074,
        "max": 0.06822364864874353,
        "std": 0.01893498960393305
      },
      "n_runs_completed": 5
    },
    "200": {
      "accuracy": {
        "mean": 0.7644779945876656,
        "min": 0.744765702891326,
        "max": 0.7773821392963965,
        "std": 0.011935111803341593
      },
      "brier": {
        "mean": 0.15177226768806856,
        "min": 0.14593809599758495,
        "max": 0.16233830043852626,
        "std": 0.0058206883760302565
      },
      "ece": {
        "mean": 0.05134410185532732,
        "min": 0.02444231305141393,
        "max": 0.07566320697494831,
        "std": 0.017737922438511817
      },
      "n_runs_completed": 5
    },
    "300": {
      "accuracy": {
        "mean": 0.7795185870958553,
        "min": 0.774248682523857,
        "max": 0.7832217632815838,
        "std": 0.004134883619806119
      },
      "brier": {
        "mean": 0.13951712551071355,
        "min": 0.13560189339731102,
        "max": 0.14648860130218233,
        "std": 0.003918946044569564
      },
      "ece": {
        "mean": 0.029476867097681558,
        "min": 0.01975267271067814,
        "max": 0.04206181567052441,
        "std": 0.008166743284747445
      },
      "n_runs_completed": 5
    },
    "400": {
      "accuracy": {
        "mean": 0.782224754308503,
        "min": 0.7798034468024498,
        "max": 0.7842187722546646,
        "std": 0.001938302331429036
      },
      "brier": {
        "mean": 0.14294814319242707,
        "min": 0.1381892543844188,
        "max": 0.14851379920028843,
        "std": 0.003523463404720054
      },
      "ece": {
        "mean": 0.07253304856350884,
        "min": 0.04346369107366204,
        "max": 0.09001066173316577,
        "std": 0.016546703150096286
      },
      "n_runs_completed": 5
    },
    "500": {
      "accuracy": {
        "mean": 0.7824526420737786,
        "min": 0.779376157242558,
        "max": 0.7852157812277454,
        "std": 0.0023431334251734952
      },
      "brier": {
        "mean": 0.13861294966914725,
        "min": 0.13681414642975032,
        "max": 0.13985796669552356,
        "std": 0.0011898153664430446
      },
      "ece": {
        "mean": 0.04550725755622255,
        "min": 0.029467244027533993,
        "max": 0.06516948761703653,
        "std": 0.01261878926209358
      },
      "n_runs_completed": 5
    },
    "750": {
      "accuracy": {
        "mean": 0.7844751459905996,
        "min": 0.7806580259222333,
        "max": 0.7880643782936904,
        "std": 0.0027535783446448227
      },
      "brier": {
        "mean": 0.1382729018350024,
        "min": 0.13394190535451578,
        "max": 0.14438583196101434,
        "std": 0.003926299077866224
      },
      "ece": {
        "mean": 0.052379546389928165,
        "min": 0.026808919504724197,
        "max": 0.08031308491792691,
        "std": 0.020654826128455754
      },
      "n_runs_completed": 5
    },
    "1000": {
      "accuracy": {
        "mean": 0.7821108104258652,
        "min": 0.768551488391967,
        "max": 0.7863552200541234,
        "std": 0.006858792364710192
      },
      "brier": {
        "mean": 0.13619184674392093,
        "min": 0.13079544770865392,
        "max": 0.14081632400586216,
        "std": 0.0039391759602956265
      },
      "ece": {
        "mean": 0.04793715895606047,
        "min": 0.014886676437442875,
        "max": 0.06958859242056363,
        "std": 0.022851209725109938
      },
      "n_runs_completed": 5
    },
    "1500": {
      "accuracy": {
        "mean": 0.784503631961259,
        "min": 0.7827944737216921,
        "max": 0.7860703603475289,
        "std": 0.0011916536483892203
      },
      "brier": {
        "mean": 0.13049912037547312,
        "min": 0.12906501117130564,
        "max": 0.13141613991848483,
        "std": 0.0008617294987370361
      },
      "ece": {
        "mean": 0.03682818214296699,
        "min": 0.02001686104935571,
        "max": 0.05065557598779044,
        "std": 0.01034626567743875
      },
      "n_runs_completed": 5
    },
    "2000": {
      "accuracy": {
        "mean": 0.7875231448511608,
        "min": 0.7846460618145563,
        "max": 0.7916251246261217,
        "std": 0.0027521045028946127
      },
      "brier": {
        "mean": 0.12985650693991257,
        "min": 0.12653874305216792,
        "max": 0.13259023728281152,
        "std": 0.002135877911332719
      },