{
  "experiment": "training_size_impact",
  "timestamp": "2025-08-13T13:41:52.562625",
  "args": {
    "layer": 41,
    "train_dir": "MMLU_Gemma-2-9b-it_train",
    "test_dir": "MMLU_Gemma-2-9b-it_test",
    "train_response_df": "mmlu_prompts_gemma_train.csv",
    "test_response_df": "mmlu_prompts_gemma_test.csv",
    "batch_size": 128,
    "n_epochs": 100,
    "learning_rate": 0.001,
    "n_runs": 5,
    "random_seed": 42,
    "ece_bins": 10,
    "output": "train_plot/train_size_Gemma-2-9b-it.json",
    "stack": false,
    "train_sizes": [
      10,
      25,
      50,
      75,
      100,
      150,
      200,
      300,
      400,
      500,
      750,
      1000,
      1500,
      2000,
      3000,
      4000,
      5000
    ]
  },
  "dataset_info": {
    "full_train_size": 7021,
    "test_size": 7021,
    "n_features": 3584,
    "n_classes": 4
  },
  "results": {
    "25": {
      "accuracy": {
        "mean": 0.44916678535821114,
        "min": 0.37188434695912265,
        "max": 0.5473579262213359,
        "std": 0.06780484426938527
      },
      "brier": {
        "mean": 0.2947079696041489,
        "min": 0.2245367609544374,
        "max": 0.39369503238719916,
        "std": 0.0608502994375316
      },
      "ece": {
        "mean": 0.25585323263735976,
        "min": 0.0869415696403135,
        "max": 0.42160712905613346,
        "std": 0.11765799004131994
      },
      "n_runs_completed": 5
    },
    "50": {
      "accuracy": {
        "mean": 0.49480131035465036,
        "min": 0.4148981626548925,
        "max": 0.6272610739210939,
        "std": 0.0736223755553554
      },
      "brier": {
        "mean": 0.27101246985879424,
        "min": 0.2330043838002013,
        "max": 0.3269069607003526,
        "std": 0.03652804996289138
      },
      "ece": {
        "mean": 0.2214737145806663,
        "min": 0.16634840564822187,
        "max": 0.28637246905764085,
        "std": 0.04842170516196184
      },
      "n_runs_completed": 5
    },
    "75": {
      "accuracy": {
        "mean": 0.6059820538384846,
        "min": 0.5752741774675972,
        "max": 0.6338128471727674,
        "std": 0.02010262033579447
      },
      "brier": {
        "mean": 0.22426949475951954,
        "min": 0.2015037405897637,
        "max": 0.252580008201174,
        "std": 0.01738947056821338
      },
      "ece": {
        "mean": 0.09605008066252348,
        "min": 0.020812370561157728,
        "max": 0.18812505693928738,
        "std": 0.06387427125034656
      },
      "n_runs_completed": 5
    },
    "100": {
      "accuracy": {
        "mean": 0.6566870816123058,
        "min": 0.6336704173194702,
        "max": 0.6685657313772967,
        "std": 0.012291490037338738
      },
      "brier": {
        "mean": 0.2083233960373169,
        "min": 0.20101451668926062,
        "max": 0.21559845946065154,
        "std": 0.005300295073071779
      },
      "ece": {
        "mean": 0.10398951544667934,
        "min": 0.03970139828643098,
        "max": 0.15251921218118336,
        "std": 0.04137468339682374
      },
      "n_runs_completed": 5
    },
    "150": {
      "accuracy": {
        "mean": 0.6612163509471586,
        "min": 0.6313915396667141,
        "max": 0.6818117077339411,
        "std": 0.020352941971856255
      },
      "brier": {
        "mean": 0.1942888124867824,
        "min": 0.18460657004919012,
        "max": 0.2066523630882083,
        "std": 0.009636149176855537
      },
      "ece": {
        "mean": 0.059170636614067504,
        "min": 0.017012758419531027,
        "max": 0.10594883409172631,
        "std": 0.03582577843595032
      },
      "n_runs_completed": 5
    },
    "200": {
      "accuracy": {
        "mean": 0.6686796752599344,
        "min": 0.6369463039453069,
        "max": 0.6845178749465888,
        "std": 0.017557713405391345
      },
      "brier": {
        "mean": 0.19295571064225028,
        "min": 0.180460230886706,
        "max": 0.21169166191491018,
        "std": 0.011571688708801575
      },
      "ece": {
        "mean": 0.07147789502938476,
        "min": 0.01186051445203601,
        "max": 0.13136497399284366,
        "std": 0.04659430961507806
      },
      "n_runs_completed": 5
    },
    "300": {
      "accuracy": {
        "mean": 0.6736362341546789,
        "min": 0.6642928357783792,
        "max": 0.6815268480273465,
        "std": 0.007156501330868901
      },
      "brier": {
        "mean": 0.18741201271554525,
        "min": 0.18205642417504503,
        "max": 0.19143887374446994,
        "std": 0.004155541696084412
      },
      "ece": {
        "mean": 0.05461156044891291,
        "min": 0.021616179801140615,
        "max": 0.09908642185717427,
        "std": 0.03017215666605556
      },
      "n_runs_completed": 5
    },
    "400": {
      "accuracy": {
        "mean": 0.6810710724967953,
        "min": 0.6504771400085458,
        "max": 0.6927788064378294,
        "std": 0.015534494431963407
      },
      "brier": {
        "mean": 0.17954560807666708,
        "min": 0.17355897285273628,
        "max": 0.18720890055710288,
        "std": 0.004973577947923713
      },
      "ece": {
        "mean": 0.037079043267646286,
        "min": 0.024650433951167186,
        "max": 0.06686139025251471,
        "std": 0.01573498508400545
      },
      "n_runs_completed": 5
    },
    "500": {
      "accuracy": {
        "mean": 0.684660304799886,
        "min": 0.6819541375872383,
        "max": 0.6887907705455063,
        "std": 0.002383307296778434
      },
      "brier": {
        "mean": 0.18110151596278865,
        "min": 0.17399988935361457,
        "max": 0.18743196922761826,
        "std": 0.004260385352016447
      },
      "ece": {
        "mean": 0.04190712004810839,
        "min": 0.02553447396339913,
        "max": 0.0781862402621064,
        "std": 0.019146464207481926
      },
      "n_runs_completed": 5
    },
    "750": {
      "accuracy": {
        "mean": 0.6925224327018944,
        "min": 0.6909272183449651,
        "max": 0.6977638513032332,
        "std": 0.002625349644208852
      },
      "brier": {
        "mean": 0.17856568770629955,
        "min": 0.17486565315271801,
        "max": 0.18299274766232693,
        "std": 0.003332826768180599
      },
      "ece": {
        "mean": 0.022804993751839926,
        "min": 0.0052054025664694204,
        "max": 0.049397226226175275,
        "std": 0.014663546459938108
      },
      "n_runs_completed": 5
    },
    "1000": {
      "accuracy": {
        "mean": 0.6972795898020225,
        "min": 0.6927788064378294,
        "max": 0.7001851588092864,
        "std": 0.002863654832499574
      },
      "brier": {
        "mean": 0.1728254919356081,
        "min": 0.16877452724674347,
        "max": 0.17577851274874054,
        "std": 0.0027428959948374585
      },
      "ece": {
        "mean": 0.03980854323083156,
        "min": 0.028121273078023326,
        "max": 0.056507617001723,
        "std": 0.013358242968567276
      },
      "n_runs_completed": 5
    },
    "1500": {
      "accuracy": {
        "mean": 0.6950576840905854,
        "min": 0.6913545079048569,
        "max": 0.7000427289559892,
        "std": 0.003071997656070165
      },
      "brier": {
        "mean": 0.17312510895015945,
        "min": 0.16956654279090277,
        "max": 0.17879123739417266,
        "std": 0.003183612902158282
      },
      "ece": {
        "mean": 0.034895445716090746,
        "min": 0.021288882618937934,
        "max": 0.05231836750167437,
        "std": 0.011528477338399276
      },
      "n_runs_completed": 5
    },
    "2000": {
      "accuracy": {
        "mean": 0.6970801880074063,
        "min": 0.6934909557043156,
        "max": 0.7001851588092864,
        "std": 0.002597383233170163
      },
      "brier": {
        "mean": 0.17065320695049527,
        "min": 0.16852975775283655,
        "max": 0.17399040112730937,
        "std": 0.001892738501175814
      },
      "ece": {
        "mean": 0.040229603247057766,