{
  "experiment": "training_size_impact",
  "timestamp": "2025-08-13T13:43:14.558339",
  "args": {
    "layer": 24,
    "train_dir": "MMLU_Llama-3.1-8B-Instruct_train",
    "test_dir": "MMLU_Llama-3.1-8B-Instruct_test",
    "train_response_df": "mmlu_prompts_llama_train.csv",
    "test_response_df": "mmlu_prompts_llama_test.csv",
    "batch_size": 128,
    "n_epochs": 100,
    "learning_rate": 0.001,
    "n_runs": 5,
    "random_seed": 42,
    "ece_bins": 10,
    "output": "train_plot/train_size_Llama-3.1-8B-Instruct.json",
    "stack": false,
    "train_sizes": [
      10,
      25,
      50,
      75,
      100,
      150,
      200,
      300,
      400,
      500,
      750,
      1000,
      1500,
      2000,
      3000,
      4000,
      5000
    ]
  },
  "dataset_info": {
    "full_train_size": 7021,
    "test_size": 7021,
    "n_features": 4096,
    "n_classes": 4
  },
  "results": {
    "25": {
      "accuracy": {
        "mean": 0.5349380430138156,
        "min": 0.4908132744623273,
        "max": 0.5631676399373309,
        "std": 0.02735727130904882
      },
      "brier": {
        "mean": 0.22450344429754074,
        "min": 0.21142058714226541,
        "max": 0.24371709554534607,
        "std": 0.01126103243088711
      },
      "ece": {
        "mean": 0.10004798573249599,
        "min": 0.04036893093370336,
        "max": 0.15465353137491572,
        "std": 0.04712027128372321
      },
      "n_runs_completed": 5
    },
    "50": {
      "accuracy": {
        "mean": 0.5735650192280303,
        "min": 0.5382424156103119,
        "max": 0.588805013530836,
        "std": 0.01835478217590672
      },
      "brier": {
        "mean": 0.21006164640461256,
        "min": 0.1973639613994879,
        "max": 0.22483934010472367,
        "std": 0.010907907865692368
      },
      "ece": {
        "mean": 0.06983369915442254,
        "min": 0.036970386289833714,
        "max": 0.10565868530699946,
        "std": 0.024264663307787995
      },
      "n_runs_completed": 5
    },
    "75": {
      "accuracy": {
        "mean": 0.6000854579119783,
        "min": 0.5685799743626264,
        "max": 0.6165788349238001,
        "std": 0.016456264136000015
      },
      "brier": {
        "mean": 0.20001575967318166,
        "min": 0.18585549414332725,
        "max": 0.23304320131636902,
        "std": 0.017139845521282768
      },
      "ece": {
        "mean": 0.06918372594721041,
        "min": 0.0495588189600336,
        "max": 0.1366026989586111,
        "std": 0.03388749550263748
      },
      "n_runs_completed": 5
    },
    "100": {
      "accuracy": {
        "mean": 0.5994017946161515,
        "min": 0.5892323030907278,
        "max": 0.6127332288847742,
        "std": 0.007623710071970621
      },
      "brier": {
        "mean": 0.19994674437923185,
        "min": 0.19161533125047117,
        "max": 0.21204763129841517,
        "std": 0.007512862038023075
      },
      "ece": {
        "mean": 0.07163932783840354,
        "min": 0.025468754723377333,
        "max": 0.11752625577827751,
        "std": 0.030548586883892323
      },
      "n_runs_completed": 5
    },
    "150": {
      "accuracy": {
        "mean": 0.6070930066942031,
        "min": 0.5977780942885629,
        "max": 0.6238427574419598,
        "std": 0.009681710529543204
      },
      "brier": {
        "mean": 0.1992952135014153,
        "min": 0.19648797069847274,
        "max": 0.2029409979765274,
        "std": 0.0026898651802426564
      },
      "ece": {
        "mean": 0.07798062400878317,
        "min": 0.027462419787289957,
        "max": 0.12224952717177837,
        "std": 0.03646931652527015
      },
      "n_runs_completed": 5
    },
    "200": {
      "accuracy": {
        "mean": 0.5858994445235721,
        "min": 0.5668708161230593,
        "max": 0.6204244409628258,
        "std": 0.018630913692710322
      },
      "brier": {
        "mean": 0.2043782691921831,
        "min": 0.19345229506337547,
        "max": 0.21917858365666962,
        "std": 0.009958964696129766
      },
      "ece": {
        "mean": 0.10015370692644446,
        "min": 0.056325447447295535,
        "max": 0.14508625625154772,
        "std": 0.03426200218014351
      },
      "n_runs_completed": 5
    },
    "300": {
      "accuracy": {
        "mean": 0.6080045577553055,
        "min": 0.6003418316479134,
        "max": 0.6157242558040166,
        "std": 0.0051404352808805745
      },
      "brier": {
        "mean": 0.1919981693277902,
        "min": 0.18483605034313771,
        "max": 0.1983030995860955,
        "std": 0.005220081814482117
      },
      "ece": {
        "mean": 0.06365279908822721,
        "min": 0.033655422290935946,
        "max": 0.0887259506989096,
        "std": 0.02179446131923819
      },
      "n_runs_completed": 5
    },
    "400": {
      "accuracy": {
        "mean": 0.6185728528699614,
        "min": 0.6083179034325594,
        "max": 0.6258367753881213,
        "std": 0.006742214649320177
      },
      "brier": {
        "mean": 0.18862650294322422,
        "min": 0.18397032896555804,
        "max": 0.19075711707421128,
        "std": 0.002687328670690148
      },
      "ece": {
        "mean": 0.06622230012419217,
        "min": 0.05532758691986307,
        "max": 0.08221856726997005,
        "std": 0.011162988310825964
      },
      "n_runs_completed": 5
    },
    "500": {
      "accuracy": {
        "mean": 0.6070360347528843,
        "min": 0.5912263210368893,
        "max": 0.6152969662441248,
        "std": 0.00913462957241229
      },
      "brier": {
        "mean": 0.18925710513153632,
        "min": 0.181430357857969,
        "max": 0.2033480619299923,
        "std": 0.008848683066914638
      },
      "ece": {
        "mean": 0.05145980495279832,
        "min": 0.026410234584001508,
        "max": 0.09493970258880115,
        "std": 0.02351567291348087
      },
      "n_runs_completed": 5
    },
    "750": {
      "accuracy": {
        "mean": 0.6139011536818118,
        "min": 0.5996296823814271,
        "max": 0.6249821962683378,
        "std": 0.008387848727089484
      },
      "brier": {
        "mean": 0.18907496958292672,
        "min": 0.18793255263861794,
        "max": 0.19116112119602638,
        "std": 0.0011443925394085586
      },
      "ece": {
        "mean": 0.06239336834828613,
        "min": 0.043953810597634216,
        "max": 0.07892362695102964,
        "std": 0.012354842966948089
      },
      "n_runs_completed": 5
    },
    "1000": {
      "accuracy": {
        "mean": 0.6213359920239283,
        "min": 0.6095997721122347,
        "max": 0.6284005127474719,
        "std": 0.007547760960497027
      },
      "brier": {
        "mean": 0.18534986591902308,
        "min": 0.18142577346538372,
        "max": 0.18792649829679414,
        "std": 0.002470260084939749
      },
      "ece": {
        "mean": 0.05487406588300242,
        "min": 0.042720386944949985,
        "max": 0.0651108044502216,
        "std": 0.008143738470261244
      },
      "n_runs_completed": 5
    },
    "1500": {
      "accuracy": {
        "mean": 0.6265489246546077,
        "min": 0.6244124768551489,
        "max": 0.6288278023073636,
        "std": 0.0015207346890800685
      },
      "brier": {
        "mean": 0.1790186452859881,
        "min": 0.17709981859119744,
        "max": 0.18012046650087013,
        "std": 0.0010428114100541174
      },
      "ece": {
        "mean": 0.02922987512604257,
        "min": 0.01997536771437701,
        "max": 0.048124066654424535,
        "std": 0.010034759864906886
      },
      "n_runs_completed": 5
    },
    "2000": {
      "accuracy": {
        "mean": 0.6301096709870389,
        "min": 0.6249821962683378,
        "max": 0.6345249964392536,
        "std": 0.0031269759863409943
      },
      "brier": {
        "mean": 0.17908852203983336,
        "min": 0.17582595082559221,
        "max": 0.18094014090006483,
        "std": 0.0018156619092006695
      },