{
  "experiment": "training_size_impact",
  "timestamp": "2025-08-13T13:41:14.712937",
  "args": {
    "layer": 24,
    "train_dir": "MMLU_Gemma-2-2b-it_train",
    "test_dir": "MMLU_Gemma-2-2b-it_test",
    "train_response_df": "mmlu_prompts_gemma_train.csv",
    "test_response_df": "mmlu_prompts_gemma_test.csv",
    "batch_size": 128,
    "n_epochs": 100,
    "learning_rate": 0.001,
    "n_runs": 5,
    "random_seed": 42,
    "ece_bins": 10,
    "output": "train_plot/train_size_Gemma-2-2b-it.json",
    "stack": false,
    "train_sizes": [
      10,
      25,
      50,
      75,
      100,
      150,
      200,
      300,
      400,
      500,
      750,
      1000,
      1500,
      2000,
      3000,
      4000,
      5000
    ]
  },
  "dataset_info": {
    "full_train_size": 7021,
    "test_size": 7021,
    "n_features": 2304,
    "n_classes": 4
  },
  "results": {
    "25": {
      "accuracy": {
        "mean": 0.3791767554479419,
        "min": 0.3265916536105968,
        "max": 0.4336989032901296,
        "std": 0.03564770834914284
      },
      "brier": {
        "mean": 0.4639100695726066,
        "min": 0.3960943795475022,
        "max": 0.5311885693127548,
        "std": 0.0562279188075036
      },
      "ece": {
        "mean": 0.4678472610123391,
        "min": 0.39355870783371455,
        "max": 0.5407592762681328,
        "std": 0.05630581028450366
      },
      "n_runs_completed": 5
    },
    "50": {
      "accuracy": {
        "mean": 0.4285429426007691,
        "min": 0.40279162512462613,
        "max": 0.4771400085457912,
        "std": 0.025419862566423677
      },
      "brier": {
        "mean": 0.3922137460608546,
        "min": 0.2773503067887832,
        "max": 0.470488642622296,
        "std": 0.06656471556632086
      },
      "ece": {
        "mean": 0.37377083128783256,
        "min": 0.2185702782770012,
        "max": 0.46973792334394804,
        "std": 0.08791262957146674
      },
      "n_runs_completed": 5
    },
    "75": {
      "accuracy": {
        "mean": 0.45241418601338845,
        "min": 0.4270047001851588,
        "max": 0.47429141147984616,
        "std": 0.01544470345649347
      },
      "brier": {
        "mean": 0.3433925337021971,
        "min": 0.2863004448401756,
        "max": 0.3855015287266251,
        "std": 0.032354545678922354
      },
      "ece": {
        "mean": 0.32013759273542763,
        "min": 0.2326515824294569,
        "max": 0.38299663066694223,
        "std": 0.05103624719411529
      },
      "n_runs_completed": 5
    },
    "100": {
      "accuracy": {
        "mean": 0.45637373593505204,
        "min": 0.43284432417034613,
        "max": 0.4902435550491383,
        "std": 0.0200666225242465
      },
      "brier": {
        "mean": 0.290321381979649,
        "min": 0.24663122640396754,
        "max": 0.38595168732296387,
        "std": 0.04900544536058487
      },
      "ece": {
        "mean": 0.22089014239773724,
        "min": 0.1351992099131636,
        "max": 0.3829931249613097,
        "std": 0.08442369437030195
      },
      "n_runs_completed": 5
    },
    "150": {
      "accuracy": {
        "mean": 0.4922945449366187,
        "min": 0.46731234866828086,
        "max": 0.5134596211365903,
        "std": 0.018692658037704226
      },
      "brier": {
        "mean": 0.253858685244207,
        "min": 0.23412884581717242,
        "max": 0.2801963960438141,
        "std": 0.014931076089707588
      },
      "ece": {
        "mean": 0.1443262999934903,
        "min": 0.04025992903083226,
        "max": 0.23418343784105844,
        "std": 0.06174725627718991
      },
      "n_runs_completed": 5
    },
    "200": {
      "accuracy": {
        "mean": 0.48602763139153965,
        "min": 0.45663010967098705,
        "max": 0.5073351374448084,
        "std": 0.016804453314469787
      },
      "brier": {
        "mean": 0.2685372281280071,
        "min": 0.25162561496442254,
        "max": 0.2831314489077684,
        "std": 0.012967486121219937
      },
      "ece": {
        "mean": 0.1885497613121957,
        "min": 0.11881261478205926,
        "max": 0.24728325008921534,
        "std": 0.049575718652305235
      },
      "n_runs_completed": 5
    },
    "300": {
      "accuracy": {
        "mean": 0.4913829938755163,
        "min": 0.4779945876655747,
        "max": 0.5091867255376727,
        "std": 0.012791120718568893
      },
      "brier": {
        "mean": 0.25683572579848324,
        "min": 0.23233560019366245,
        "max": 0.30477484846670455,
        "std": 0.025037560974269815
      },
      "ece": {
        "mean": 0.14686774200582214,
        "min": 0.06381871347633832,
        "max": 0.25809400905708424,
        "std": 0.06314582126656322
      },
      "n_runs_completed": 5
    },
    "400": {
      "accuracy": {
        "mean": 0.5114371172197693,
        "min": 0.4939467312348668,
        "max": 0.5255661586668565,
        "std": 0.011427597240696282
      },
      "brier": {
        "mean": 0.23592739474412722,
        "min": 0.2283935100827281,
        "max": 0.25482037449352657,
        "std": 0.009743489157196594
      },
      "ece": {
        "mean": 0.10623972191037727,
        "min": 0.07103090343728669,
        "max": 0.16912643677436834,
        "std": 0.03358207909047059
      },
      "n_runs_completed": 5
    },
    "500": {
      "accuracy": {
        "mean": 0.5156245549067083,
        "min": 0.5108958837772397,
        "max": 0.5238570004272896,
        "std": 0.005236617135321939
      },
      "brier": {
        "mean": 0.23030636321145415,
        "min": 0.22259738013753283,
        "max": 0.23376226913524198,
        "std": 0.004110095343327419
      },
      "ece": {
        "mean": 0.08112569044006802,
        "min": 0.0486586796916494,
        "max": 0.10627560937036189,
        "std": 0.020321341667682586
      },
      "n_runs_completed": 5
    },
    "750": {
      "accuracy": {
        "mean": 0.5256516165788349,
        "min": 0.522432701894317,
        "max": 0.5298390542657742,
        "std": 0.0025788851269634263
      },
      "brier": {
        "mean": 0.22812328426619927,
        "min": 0.2234564912228407,
        "max": 0.2341524213240932,
        "std": 0.003609410651181329
      },
      "ece": {
        "mean": 0.07571320078631374,
        "min": 0.04213313809946857,
        "max": 0.10545745638000577,
        "std": 0.027999300552850312
      },
      "n_runs_completed": 5
    },
    "1000": {
      "accuracy": {
        "mean": 0.5295257085885201,
        "min": 0.522432701894317,
        "max": 0.5372454066372312,
        "std": 0.005238940974823041
      },
      "brier": {
        "mean": 0.22061395923856836,
        "min": 0.21597266018459949,
        "max": 0.22419428646897965,
        "std": 0.002888138336684873
      },
      "ece": {
        "mean": 0.055231269989881634,
        "min": 0.0344775694207136,
        "max": 0.083865703676114,
        "std": 0.01795673306068436
      },
      "n_runs_completed": 5
    },
    "1500": {
      "accuracy": {
        "mean": 0.5340549779233728,
        "min": 0.5251388691069648,
        "max": 0.53938185443669,
        "std": 0.00486401598370409
      },
      "brier": {
        "mean": 0.21831832344802377,
        "min": 0.21345648625927194,
        "max": 0.23262588413401694,
        "std": 0.007240580098397501
      },
      "ece": {
        "mean": 0.054489953959197035,
        "min": 0.013624186614965245,
        "max": 0.12257299283905393,
        "std": 0.03641264293145248
      },
      "n_runs_completed": 5
    },
    "2000": {
      "accuracy": {
        "mean": 0.5386697051702036,
        "min": 0.5286996154393961,
        "max": 0.5492095143142003,
        "std": 0.006825347947646244
      },
      "brier": {
        "mean": 0.21323651494743395,
        "min": 0.2098171187095996,
        "max": 0.21515294130286347,
        "std": 0.0020685469635829267
      },
      "ece": {
        "mean": 0.04750223635540543,
        "min": 0.026339857492703626,